species,spectral_c_std,spectral_c_var,spectral_c_median,spectral_c_mean,hnr_std,zcr_std,zcr_var,zcr_median,zcr_mean,pitch_mag_std,pitch_mag_var,pitch_mag_mean,pitch_freq_std,pitch_freq_var,pitch_freq_mean,contrast_s_std,contrast_s_var,contrast_s_median,contrast_s_mean,mel_s_std,mel_s_var,mel_s_median,mel_s_mean,rolloff_min_s_std,rolloff_min_s_var,rolloff_min_s_median,rolloff_min_s_mean,rolloff_max_s_std,rolloff_max_s_var,rolloff_max_s_median,rolloff_max_s_mean,flatness_s_std,flatness_s_var,flatness_s_median,flatness_s_mean,bandwidth_s_std,bandwidth_s_var,bandwidth_s_median,bandwidth_s_mean,chroma_stft_s_std,chroma_stft_s_var,chroma_stft_s_median,chroma_stft_s_mean,rms_s_std,rms_s_var,rms_s_median,rms_s_mean
predict.wav,461.10775432980904,212620.36110307951,1035.2858150142174,1277.266092265257,0.19703345,0.037173506252006945,0.0013818695670679995,0.040283203125,0.05771484375,4.941536,24.418776,0.27805024,193.3829,37396.945,18.346798,17.17962728780524,295.1395937479024,15.47359963959352,21.966772782247695,79.0491,6248.761,-5.134478,-7.8492823,59.24393037367339,3509.843286120661,43.06640625,61.99295847039474,1246.8081827198273,1554530.6444971184,4252.8076171875,4289.4140625,0.18843104,0.035506256,3.0160021e-09,0.037429202,362.9378178707877,131723.85964080907,817.725956250333,1004.9336427425344,0.31663513,0.10025781,0.2307397,0.3444117,0.15631428,0.024434155,0.09584749,0.17868468
